<?xml version="1.0"?>
<Runs Version="1" Minor="0">
	<Run Id="design_1_processing_system7_0_0_synth_1" LaunchDir="C:/devWorks/SoC_AUDIO/SoC_PynzZ2_AUDIO/SoC_PynzZ2_AUDIO.runs/design_1_processing_system7_0_0_synth_1" FlowId="Vivado_Synthesis" FromStepId="vivado" ToStepId="vivado"/>
	<Run Id="design_1_audio_codec_ctrl_0_0_synth_1" LaunchDir="C:/devWorks/SoC_AUDIO/SoC_PynzZ2_AUDIO/SoC_PynzZ2_AUDIO.runs/design_1_audio_codec_ctrl_0_0_synth_1" FlowId="Vivado_Synthesis" FromStepId="vivado" ToStepId="vivado"/>
	<Run Id="design_1_axi_gpio_0_0_synth_1" LaunchDir="C:/devWorks/SoC_AUDIO/SoC_PynzZ2_AUDIO/SoC_PynzZ2_AUDIO.runs/design_1_axi_gpio_0_0_synth_1" FlowId="Vivado_Synthesis" FromStepId="vivado" ToStepId="vivado"/>
	<Run Id="design_1_xbar_0_synth_1" LaunchDir="C:/devWorks/SoC_AUDIO/SoC_PynzZ2_AUDIO/SoC_PynzZ2_AUDIO.runs/design_1_xbar_0_synth_1" FlowId="Vivado_Synthesis" FromStepId="vivado" ToStepId="vivado"/>
	<Run Id="design_1_rst_ps7_0_100M_0_synth_1" LaunchDir="C:/devWorks/SoC_AUDIO/SoC_PynzZ2_AUDIO/SoC_PynzZ2_AUDIO.runs/design_1_rst_ps7_0_100M_0_synth_1" FlowId="Vivado_Synthesis" FromStepId="vivado" ToStepId="vivado"/>
	<Run Id="design_1_auto_pc_0_synth_1" LaunchDir="C:/devWorks/SoC_AUDIO/SoC_PynzZ2_AUDIO/SoC_PynzZ2_AUDIO.runs/design_1_auto_pc_0_synth_1" FlowId="Vivado_Synthesis" FromStepId="vivado" ToStepId="vivado"/>
	<Parameters>
		<Parameter Name="runs.monitorLSFJobs" Val="true" Type="bool"/>
		<Parameter Name="runs.enableClusterConf" Val="true" Type="bool"/>
	</Parameters>
</Runs>

